,y_true,y_pred1,y_pred2,y_pred3,y_pred_ensemble,Suhuai Luo's Alzheimer's Detection Model,VGG-16
0,1,1,1,1,1,1,1
1,1,1,1,1,1,1,1
2,1,1,1,1,1,1,1
3,1,1,1,1,1,1,1
4,1,2,1,1,1,1,1
5,1,1,1,1,1,1,2
6,1,1,1,0,1,1,1
7,1,1,1,1,1,1,1
8,1,1,1,1,1,1,1
9,1,1,1,1,1,1,1
10,1,1,1,1,1,1,1
11,1,1,1,1,1,1,2
12,1,1,1,1,1,1,0
13,1,1,1,1,1,1,0
14,1,1,1,1,1,1,1
15,1,1,1,1,1,1,2
16,1,1,1,1,1,1,0
17,1,2,0,2,2,1,0
18,1,1,1,1,1,1,1
19,1,1,1,1,1,1,0
20,1,0,1,0,0,1,2
21,1,1,1,1,1,1,1
22,1,1,1,1,1,1,1
23,1,1,1,1,1,1,1
24,1,1,1,1,1,1,1
25,1,1,1,1,1,1,1
26,1,1,1,1,1,1,1
27,1,1,1,1,1,1,1
28,1,1,1,1,1,1,1
29,1,1,1,1,1,1,1
30,1,1,1,1,1,1,0
31,1,1,1,1,1,1,0
32,1,1,1,1,1,1,1
33,1,1,1,1,1,1,0
34,1,1,1,1,1,1,1
35,1,2,1,1,1,1,0
36,1,1,1,1,1,1,0
37,1,1,1,1,1,1,1
38,1,1,1,2,1,1,1
39,1,1,1,1,1,1,0
40,1,1,1,1,1,1,1
41,1,1,1,1,1,1,1
42,1,1,1,1,1,1,1
43,1,1,1,1,1,1,0
44,1,1,1,1,1,1,2
45,1,1,1,1,1,2,2
46,1,1,1,1,1,1,0
47,1,1,1,1,1,1,2
48,1,2,1,1,1,1,1
49,1,1,1,1,1,1,2
50,1,1,1,1,1,1,0
51,1,1,2,2,2,1,2
52,1,1,1,1,1,1,1
53,1,1,1,1,1,1,2
54,1,1,1,1,1,1,0
55,1,0,1,1,1,1,0
56,1,1,1,1,1,1,1
57,1,0,1,1,1,1,1
58,1,2,1,1,1,1,1
59,1,1,1,1,1,1,1
60,1,1,1,1,1,1,1
61,1,1,1,1,1,1,0
62,1,1,1,1,1,1,0
63,1,1,1,1,1,1,1
64,1,1,1,1,1,1,2
65,1,1,1,1,1,1,0
66,1,0,1,1,1,1,1
67,1,1,1,2,1,1,1
68,1,1,2,1,1,1,2
69,1,1,1,1,1,0,0
70,1,1,1,1,1,1,1
71,1,2,1,1,1,1,1
72,1,1,1,1,1,1,0
73,1,0,1,1,1,1,1
74,1,0,1,1,1,1,1
75,1,2,1,1,1,1,1
76,1,1,1,1,1,0,1
77,1,1,1,1,1,1,2
78,1,1,1,1,1,1,1
79,1,1,1,1,1,1,1
80,1,1,1,1,1,1,1
81,1,1,1,1,1,1,1
82,1,1,1,1,1,1,1
83,1,2,1,1,1,1,1
84,1,1,1,1,1,1,1
85,1,1,1,1,1,1,1
86,1,1,1,1,1,1,1
87,1,1,1,1,1,1,1
88,1,1,1,1,1,1,2
89,1,1,1,1,1,1,1
90,1,1,1,2,1,1,1
91,1,1,1,1,1,1,2
92,1,1,1,1,1,1,1
93,1,2,1,1,1,1,1
94,1,1,1,1,1,1,1
95,1,1,1,0,1,1,0
96,1,1,1,1,1,1,0
97,1,1,1,1,1,1,2
98,1,1,1,1,1,1,2
99,1,1,1,1,1,1,2
100,1,2,1,1,1,1,1
101,1,1,1,1,1,1,0
102,1,1,1,0,1,1,1
103,1,1,1,1,1,1,2
104,1,1,1,1,1,2,1
105,1,1,1,1,1,1,0
106,1,1,1,1,1,1,1
107,1,1,1,1,1,1,1
108,1,1,1,1,1,1,1
109,1,1,1,2,1,1,2
110,1,2,1,1,1,1,1
111,1,2,1,1,1,1,2
112,1,2,1,1,1,1,1
113,1,1,1,1,1,1,1
114,1,1,1,1,1,1,1
115,1,1,1,1,1,2,1
116,1,1,1,0,1,1,2
117,1,0,1,1,1,1,1
118,1,1,0,1,1,1,2
119,1,1,1,1,1,1,1
120,1,1,1,1,1,1,1
121,1,1,1,1,1,1,2
122,1,1,1,1,1,1,0
123,1,2,1,1,1,1,1
124,1,2,1,1,1,1,1
125,1,2,1,1,1,1,2
126,1,1,1,1,1,1,2
127,1,1,1,1,1,1,1
128,1,1,1,1,1,1,1
129,1,1,1,1,1,1,1
130,1,1,1,0,1,1,1
131,1,1,1,1,1,1,1
132,1,0,1,1,1,1,1
133,1,1,1,1,1,1,1
134,1,1,1,1,1,1,2
135,1,1,1,1,1,1,1
136,1,1,1,1,1,1,1
137,1,1,1,1,1,1,2
138,1,1,0,1,1,1,1
139,1,1,1,1,1,1,1
140,1,1,1,1,1,1,1
141,1,1,1,1,1,1,0
142,1,1,2,1,1,1,0
143,1,2,1,1,1,1,2
144,1,1,1,1,1,1,1
145,1,1,1,1,1,1,1
146,1,1,1,1,1,1,1
147,1,2,1,1,1,1,2
148,1,1,0,1,1,1,1
149,1,1,1,1,1,1,0
150,1,0,1,1,1,1,0
151,1,1,1,1,1,1,1
152,1,1,2,1,1,1,2
153,1,1,1,1,1,1,2
154,1,1,1,1,1,1,1
155,1,1,1,1,1,1,1
156,1,1,0,1,1,1,1
157,1,1,1,1,1,1,1
158,1,1,1,1,1,2,0
159,1,1,1,2,1,1,1
160,1,1,1,1,1,1,1
161,1,1,1,1,1,1,0
162,1,1,1,1,1,1,2
163,1,1,1,1,1,1,2
164,1,1,2,1,1,1,1
165,1,1,1,1,1,1,0
166,1,1,0,1,1,1,1
167,1,1,1,1,1,1,1
168,1,1,1,1,1,1,1
169,1,1,1,1,1,1,1
170,1,1,1,1,1,1,0
171,1,1,1,1,1,1,1
172,1,1,1,1,1,1,1
173,1,1,1,1,1,1,1
174,1,2,1,1,1,1,2
175,1,1,1,1,1,1,1
176,1,2,1,1,1,1,1
177,1,0,1,0,0,1,2
178,1,2,0,1,0,1,0
179,1,1,1,1,1,1,1
180,1,1,1,1,1,1,2
181,1,1,1,1,1,1,1
182,1,1,1,1,1,1,1
183,1,1,1,1,1,1,1
184,1,1,1,1,1,1,1
185,1,2,1,1,1,1,1
186,1,1,1,1,1,1,2
187,1,1,1,1,1,1,1
188,1,1,1,1,1,1,1
189,1,1,1,1,1,1,2
190,1,1,1,1,1,1,0
191,1,1,0,1,1,1,1
192,1,1,1,1,1,1,0
193,1,1,1,1,1,2,0
194,1,1,1,1,1,1,0
195,1,1,1,2,1,1,1
196,1,0,1,2,0,1,1
197,1,1,1,1,1,1,1
198,1,1,1,1,1,1,2
199,1,0,1,1,1,1,2
200,1,2,1,1,1,1,2
201,1,1,1,1,1,1,1
202,1,1,1,1,1,1,1
203,1,1,1,1,1,1,2
204,1,1,1,1,1,1,0
205,1,2,1,0,0,1,0
206,1,1,1,1,1,1,1
207,1,1,1,1,1,1,0
208,1,1,1,1,1,1,1
209,1,1,1,1,1,1,2
210,1,1,2,1,1,1,0
211,1,1,1,1,1,1,2
212,1,1,1,1,1,1,1
213,1,1,0,1,1,1,1
214,1,2,1,1,1,1,1
215,1,1,1,1,1,1,2
216,1,1,1,1,1,1,1
217,1,1,1,1,1,1,2
218,1,1,1,1,1,1,1
219,1,1,1,1,1,1,1
220,1,1,1,1,1,1,1
221,1,1,1,1,1,1,1
222,1,1,1,1,1,1,1
223,1,2,1,1,1,1,0
224,1,1,1,1,1,1,2
225,1,1,1,1,1,1,1
226,1,1,1,1,1,1,2
227,1,1,1,1,1,1,1
228,1,1,1,1,1,1,0
229,1,1,1,1,1,1,1
230,1,1,1,1,1,1,2
231,1,1,1,1,1,1,1
232,1,1,1,1,1,1,2
233,1,1,1,1,1,1,2
234,1,1,1,1,1,1,1
235,1,2,1,1,1,1,2
236,1,1,1,2,1,1,1
237,1,1,1,1,1,1,1
238,1,2,1,1,1,1,2
239,1,1,1,1,1,1,1
240,1,1,1,1,1,1,1
241,1,1,1,1,1,1,1
242,1,1,1,1,1,1,1
243,1,1,1,1,1,1,2
244,1,1,1,1,1,1,0
245,1,0,1,2,0,1,0
246,1,2,1,1,1,1,1
247,1,1,1,1,1,1,1
248,1,0,1,1,1,1,1
249,1,2,1,1,1,1,2
250,1,2,2,1,2,1,1
251,1,1,1,1,1,1,2
252,1,0,1,1,1,1,1
253,1,1,2,1,1,1,1
254,1,1,1,2,1,1,1
255,1,1,1,1,1,1,1
256,1,1,1,1,1,1,1
257,1,1,1,1,1,1,1
258,1,1,1,1,1,1,1
259,1,0,1,1,1,1,1
260,1,1,1,1,1,1,1
261,1,1,1,1,1,1,0
262,1,1,2,1,1,2,2
263,1,1,1,1,1,2,2
264,1,1,1,1,1,1,1
265,1,1,1,1,1,1,1
266,1,1,1,1,1,2,1
267,1,2,1,1,1,1,0
268,1,1,1,1,1,1,0
269,1,1,1,1,1,2,0
270,1,2,1,1,1,2,1
271,1,1,1,1,1,1,1
272,1,1,1,1,1,1,0
273,1,2,1,1,1,2,1
274,1,0,1,1,1,1,1
275,1,1,1,1,1,1,1
276,1,2,1,1,1,2,1
277,1,1,2,1,1,1,2
278,1,1,1,1,1,1,0
279,1,1,1,1,1,1,1
280,1,0,1,1,1,1,1
281,1,1,1,1,1,1,1
282,1,1,1,1,1,1,0
283,1,2,1,1,1,1,1
284,1,1,1,1,1,1,1
285,1,1,1,1,1,1,1
286,1,1,1,1,1,1,1
287,1,1,1,1,1,1,1
288,1,1,1,1,1,1,1
289,1,1,1,1,1,1,1
290,1,1,1,0,1,0,0
291,1,1,1,1,1,1,1
292,1,1,1,1,1,1,1
293,1,1,1,1,1,0,1
294,1,1,1,1,1,1,1
295,1,1,1,1,1,1,2
296,1,1,1,1,1,1,2
297,1,1,1,1,1,1,1
298,1,1,1,1,1,1,2
299,1,1,1,1,1,1,1
300,1,1,1,1,1,0,2
301,1,1,1,1,1,1,0
302,1,1,1,1,1,1,2
303,1,2,1,2,2,1,2
304,1,1,1,1,1,1,1
305,1,1,1,1,1,1,2
306,1,1,1,0,1,0,2
307,1,1,1,1,1,1,1
308,1,1,1,1,1,1,1
309,1,2,1,1,1,1,1
310,1,1,1,1,1,1,1
311,1,1,1,1,1,1,2
312,1,2,1,2,2,1,2
313,1,1,1,1,1,1,2
314,1,2,1,1,1,1,1
315,1,1,1,1,1,2,1
316,1,1,1,1,1,1,1
317,1,2,1,2,2,2,0
318,1,1,1,1,1,1,0
319,1,2,1,1,1,1,2
320,1,1,1,1,1,1,2
321,1,1,1,1,1,1,1
322,1,2,1,2,2,1,1
323,1,0,1,1,1,1,0
324,1,1,2,2,2,1,1
325,1,1,1,1,1,1,1
326,1,1,1,1,1,1,2
327,1,0,1,1,1,1,0
328,1,1,1,1,1,1,1
329,1,1,1,1,1,1,1
330,1,1,1,1,1,1,1
331,1,2,1,1,1,1,1
332,1,1,1,1,1,1,1
333,1,2,1,1,1,1,1
334,1,0,1,1,1,1,1
335,1,0,1,1,1,1,1
336,1,2,1,1,1,1,1
337,1,1,1,1,1,1,1
338,1,1,1,1,1,1,1
339,1,0,1,1,1,1,0
340,1,1,1,1,1,1,0
341,1,1,1,1,1,1,2
342,1,1,1,1,1,1,1
343,1,1,1,1,1,1,1
344,1,1,1,1,1,1,2
345,1,1,1,0,1,0,0
346,1,0,1,1,1,1,1
347,1,1,1,1,1,1,0
348,1,1,1,1,1,1,2
349,1,1,1,1,1,1,1
350,1,1,1,1,1,1,1
351,1,1,2,1,1,1,1
352,1,1,1,1,1,1,1
353,1,1,1,1,1,1,1
354,1,1,1,1,1,1,1
355,1,1,1,1,1,1,2
356,1,1,1,1,1,1,1
357,1,2,0,1,0,1,1
358,1,0,2,1,0,1,0
359,1,0,1,1,1,0,0
360,1,1,2,2,2,2,2
361,1,1,1,1,1,1,1
362,1,1,1,1,1,1,0
363,1,1,1,1,1,1,1
364,1,1,1,1,1,1,0
365,1,1,1,1,1,1,1
366,1,1,1,1,1,1,1
367,1,1,1,1,1,1,1
368,1,1,1,1,1,1,1
369,1,2,1,1,1,1,1
370,1,1,1,2,1,1,1
371,1,1,1,1,1,1,2
372,1,2,1,2,2,1,1
373,1,1,1,1,1,1,1
374,1,1,1,1,1,1,0
375,1,1,1,1,1,1,1
376,1,1,1,1,1,0,1
377,1,1,1,1,1,2,1
378,1,1,1,1,1,1,1
379,1,1,1,1,1,1,0
380,1,1,1,1,1,2,1
381,1,1,1,1,1,1,1
382,1,1,1,1,1,1,2
383,1,1,1,1,1,1,2
384,1,0,1,2,0,1,1
385,1,1,0,1,1,1,1
386,1,1,1,1,1,1,1
387,1,1,1,1,1,2,2
388,1,1,1,1,1,1,1
389,1,1,1,1,1,1,1
390,1,2,0,1,0,1,2
391,1,1,1,1,1,1,1
392,1,0,1,1,1,1,0
393,1,1,1,1,1,1,0
394,1,1,1,1,1,1,1
395,1,1,2,2,2,1,1
396,1,1,1,1,1,1,1
397,1,1,1,1,1,1,1
398,1,1,1,1,1,1,0
399,1,1,1,1,1,1,1
400,1,1,1,1,1,1,1
401,1,1,1,1,1,0,1
402,1,0,0,1,0,0,1
403,1,2,1,1,1,1,1
404,1,1,1,1,1,1,1
405,1,1,1,1,1,0,1
406,1,1,1,1,1,0,1
407,1,1,1,1,1,1,1
408,1,2,0,1,0,2,2
409,1,1,1,1,1,1,2
410,1,1,1,1,1,1,1
411,1,1,2,1,1,2,1
412,1,1,1,1,1,1,1
413,1,1,1,1,1,0,1
414,1,1,1,1,1,1,1
415,1,1,2,1,1,2,1
416,1,1,1,1,1,1,0
417,1,2,0,2,2,2,2
418,1,1,1,1,1,1,1
419,1,1,1,0,1,1,0
420,1,1,1,1,1,2,1
421,1,2,1,1,1,1,2
422,1,1,1,1,1,1,1
423,1,1,1,1,1,1,1
424,1,2,2,2,2,1,1
425,1,2,1,0,0,1,1
426,1,1,1,2,1,1,2
427,1,1,1,1,1,1,1
428,1,1,1,1,1,1,1
429,1,2,1,1,1,1,1
430,1,1,1,1,1,1,1
431,1,0,1,1,1,1,0
432,1,2,1,1,1,1,1
433,1,2,1,1,1,1,1
434,1,2,1,2,2,1,1
435,1,1,1,2,1,1,1
436,1,0,1,1,1,1,0
437,1,2,1,1,1,2,0
438,1,1,1,1,1,1,1
439,1,2,1,2,2,2,1
440,1,1,1,1,1,1,1
441,1,1,1,1,1,1,1
442,1,2,1,1,1,1,2
443,1,1,1,1,1,1,1
444,1,1,1,1,1,1,1
445,1,1,1,1,1,1,1
446,1,1,1,1,1,1,1
447,1,0,1,1,1,1,0
448,1,1,1,1,1,0,0
449,1,1,1,1,1,1,1
450,1,0,1,2,0,1,1
451,1,1,1,1,1,1,1
452,1,1,1,1,1,1,1
453,1,1,1,1,1,1,2
454,1,0,1,2,0,1,0
455,1,1,1,1,1,1,1
456,1,1,1,1,1,1,0
457,1,2,1,1,1,1,1
458,1,1,1,1,1,1,1
459,1,1,1,1,1,2,0
460,1,1,1,1,1,1,1
461,1,1,1,1,1,1,0
462,1,2,1,2,2,1,1
463,1,1,1,1,1,1,0
464,1,1,1,1,1,1,1
465,0,0,0,0,0,0,0
466,0,0,0,1,0,0,0
467,0,1,1,1,1,1,0
468,0,0,0,0,0,0,1
469,0,0,0,0,0,0,0
470,0,0,1,0,0,0,2
471,0,0,0,2,0,0,0
472,0,0,0,1,0,0,0
473,0,0,0,0,0,0,0
474,0,0,0,1,0,0,0
475,0,0,0,0,0,0,0
476,0,0,0,0,0,0,0
477,0,0,0,0,0,0,1
478,0,0,0,1,0,0,0
479,0,0,0,1,0,0,0
480,0,0,0,0,0,0,0
481,0,0,0,0,0,1,0
482,0,0,0,0,0,0,0
483,0,0,0,0,0,0,0
484,0,0,0,0,0,0,0
485,0,0,0,0,0,0,0
486,0,1,0,0,0,0,0
487,0,0,0,2,0,1,0
488,0,0,0,0,0,0,0
489,0,0,0,0,0,0,0
490,0,0,0,0,0,0,0
491,0,0,0,0,0,0,0
492,0,0,0,0,0,0,0
493,0,0,0,0,0,0,1
494,0,0,0,0,0,0,0
495,0,0,0,0,0,0,0
496,0,0,0,0,0,0,0
497,0,0,1,1,1,2,1
498,0,0,0,0,0,0,1
499,0,0,0,1,0,0,0
500,0,0,0,0,0,0,0
501,0,0,0,0,0,0,0
502,0,0,0,0,0,0,0
503,0,0,0,0,0,0,0
504,0,0,0,0,0,0,0
505,0,0,0,1,0,0,2
506,0,0,0,0,0,0,0
507,0,0,0,0,0,0,1
508,0,0,0,0,0,0,1
509,0,0,0,0,0,0,0
510,0,0,0,0,0,0,1
511,0,0,0,0,0,0,1
512,0,0,0,0,0,0,0
513,0,0,0,0,0,0,0
514,0,2,0,0,0,0,1
515,0,0,1,0,0,1,0
516,0,0,0,0,0,0,0
517,0,0,0,0,0,0,0
518,0,0,0,1,0,0,0
519,0,0,0,0,0,0,0
520,0,0,0,0,0,0,0
521,0,0,0,0,0,0,0
522,0,0,0,0,0,0,0
523,0,0,0,0,0,0,0
524,0,0,0,0,0,0,0
525,0,0,0,0,0,0,0
526,0,0,0,0,0,0,0
527,0,2,0,0,0,0,0
528,0,0,0,0,0,0,0
529,0,0,0,0,0,0,0
530,0,0,0,0,0,0,0
531,0,0,0,0,0,0,0
532,0,0,0,0,0,0,0
533,0,2,0,0,0,0,0
534,0,0,0,0,0,0,1
535,0,0,0,0,0,0,0
536,0,0,0,0,0,0,0
537,0,0,0,1,0,0,0
538,0,0,0,1,0,0,0
539,0,0,0,0,0,0,0
540,0,0,2,0,0,0,0
541,0,1,0,0,0,0,1
542,0,0,0,0,0,0,0
543,0,0,0,0,0,2,1
544,0,0,0,0,0,0,0
545,0,0,0,0,0,0,0
546,0,0,0,0,0,0,0
547,0,0,0,1,0,0,2
548,0,0,0,0,0,0,0
549,0,0,0,0,0,0,0
550,0,0,0,0,0,0,0
551,0,0,0,0,0,0,0
552,0,0,0,0,0,0,0
553,0,0,0,0,0,0,1
554,0,0,0,0,0,0,0
555,0,0,2,2,2,2,2
556,0,0,0,0,0,0,0
557,0,0,0,0,0,0,0
558,0,0,0,1,0,0,0
559,0,0,0,0,0,0,0
560,0,0,0,0,0,0,0
561,0,0,1,0,0,0,0
562,0,0,0,0,0,0,0
563,0,1,1,0,1,2,1
564,0,0,0,0,0,0,0
565,0,0,0,0,0,0,0
566,0,0,0,0,0,0,0
567,0,0,0,0,0,0,0
568,0,0,0,0,0,0,0
569,0,0,1,1,1,1,0
570,0,0,0,0,0,0,0
571,0,0,0,0,0,0,0
572,0,1,0,0,0,0,2
573,0,0,0,1,0,0,0
574,0,0,0,0,0,0,0
575,0,0,0,0,0,0,1
576,0,0,0,0,0,1,0
577,0,0,0,0,0,0,0
578,0,0,2,0,0,0,2
579,0,0,0,0,0,0,0
580,0,0,0,0,0,0,0
581,0,0,0,0,0,0,0
582,0,0,0,1,0,0,0
583,0,0,0,0,0,0,0
584,0,0,0,0,0,0,0
585,0,0,0,0,0,0,0
586,0,0,0,0,0,0,0
587,0,0,2,1,0,2,1
588,0,0,0,0,0,0,0
589,0,0,0,0,0,0,1
590,0,0,0,0,0,0,0
591,0,0,0,0,0,0,0
592,0,0,0,0,0,0,0
593,0,0,0,0,0,0,0
594,0,0,0,0,0,0,0
595,0,0,0,0,0,0,1
596,0,1,0,0,0,0,0
597,0,0,0,1,0,0,2
598,0,0,0,0,0,0,0
599,0,0,0,1,0,0,0
600,0,0,0,0,0,0,0
601,0,0,0,1,0,0,0
602,0,0,0,0,0,0,0
603,0,0,0,1,0,0,0
604,0,1,0,0,0,0,1
605,0,0,0,1,0,0,0
606,0,0,0,0,0,0,0
607,0,0,0,0,0,0,0
608,0,0,0,0,0,0,0
609,0,0,0,0,0,0,1
610,0,0,0,1,0,0,0
611,0,0,0,0,0,0,0
612,0,0,0,0,0,0,0
613,0,0,0,0,0,0,0
614,0,0,0,0,0,0,0
615,0,0,0,0,0,0,0
616,0,0,1,0,0,0,0
617,0,0,0,0,0,0,0
618,0,0,0,0,0,0,0
619,0,0,0,0,0,0,0
620,0,0,0,0,0,1,0
621,0,0,0,0,0,0,0
622,0,0,0,0,0,0,0
623,0,0,0,0,0,0,2
624,0,0,0,0,0,0,1
625,0,0,0,0,0,0,1
626,0,0,0,0,0,0,0
627,0,0,0,2,0,0,0
628,0,0,0,0,0,2,2
629,0,0,0,0,0,0,0
630,0,0,0,0,0,0,0
631,0,0,0,0,0,0,0
632,0,0,0,0,0,0,0
633,0,0,0,0,0,0,2
634,0,0,0,0,0,0,0
635,0,0,0,0,0,1,0
636,0,0,0,0,0,0,0
637,0,0,0,0,0,0,0
638,0,0,0,0,0,0,0
639,0,0,0,0,0,0,0
640,0,0,0,0,0,0,0
641,0,0,0,0,0,0,0
642,0,0,0,0,0,0,0
643,0,0,0,0,0,0,0
644,0,0,0,0,0,0,0
645,0,0,0,0,0,0,0
646,0,0,0,0,0,0,0
647,0,0,0,0,0,0,0
648,0,0,0,1,0,0,0
649,0,0,0,1,0,0,0
650,0,0,0,2,0,1,1
651,0,0,0,0,0,0,0
652,0,0,0,0,0,0,0
653,0,0,0,0,0,0,0
654,2,2,2,2,2,2,2
655,2,2,2,2,2,2,2
656,2,2,2,2,2,2,0
657,2,0,2,2,2,2,2
658,2,2,2,2,2,2,2
659,2,2,2,2,2,2,2
660,2,2,2,2,2,2,2
661,2,2,2,2,2,2,2
662,2,2,2,2,2,2,2
663,2,2,2,2,2,2,1
664,2,2,2,2,2,2,2
665,2,2,2,2,2,2,2
666,2,2,2,2,2,2,2
667,2,2,2,2,2,2,2
668,2,2,2,2,2,2,2
669,2,2,2,2,2,2,2
670,2,1,2,1,1,2,0
671,2,2,2,2,2,2,1
672,2,2,2,2,2,2,2
673,2,2,2,2,2,2,2
674,2,2,2,2,2,2,2
675,2,1,2,2,2,2,2
676,2,2,2,2,2,2,2
677,2,2,2,2,2,2,1
678,2,2,2,2,2,2,1
679,2,2,2,2,2,2,2
680,2,2,2,1,2,2,2
681,2,2,2,2,2,2,0
682,2,2,2,2,2,2,2
683,2,2,2,2,2,2,2
684,2,0,2,2,2,2,2
685,2,2,2,2,2,2,2
686,2,2,2,2,2,2,2
687,2,2,2,2,2,2,2
688,2,2,2,2,2,2,2
689,2,2,2,2,2,2,2
690,2,2,2,2,2,2,2
691,2,2,2,1,2,2,0
692,2,2,2,2,2,2,2
693,2,2,2,2,2,2,2
694,2,2,2,2,2,2,2
695,2,2,1,2,2,2,2
696,2,2,2,2,2,2,2
697,2,2,2,2,2,2,1
698,2,2,2,2,2,2,2
699,2,2,2,2,2,2,2
700,2,2,2,2,2,2,2
701,2,2,2,2,2,2,2
702,2,2,2,2,2,2,2
703,2,2,2,2,2,1,2
704,2,2,2,2,2,2,2
705,2,2,2,2,2,2,2
706,2,2,2,2,2,2,1
707,2,2,2,2,2,2,2
708,2,2,2,2,2,2,1
709,2,2,2,2,2,2,2
710,2,2,2,2,2,2,0
711,2,2,2,2,2,2,1
712,2,2,2,2,2,2,2
713,2,2,2,2,2,2,2
714,2,2,2,2,2,2,2
715,2,2,2,2,2,2,2
716,2,2,2,2,2,2,2
717,2,2,2,2,2,2,2
718,2,2,2,2,2,2,2
719,2,2,2,2,2,2,2
720,2,2,2,2,2,2,2
721,2,2,2,2,2,2,2
722,2,2,2,2,2,2,0
723,2,2,2,2,2,2,2
724,2,2,2,2,2,2,2
725,2,1,2,2,2,2,2
726,2,2,2,2,2,2,2
727,2,2,2,2,2,2,2
728,2,2,2,2,2,2,2
729,2,2,2,2,2,2,0
730,2,2,2,2,2,2,1
731,2,2,2,2,2,2,2
732,2,2,2,2,2,2,2
733,2,2,2,0,2,2,1
734,2,2,2,2,2,2,2
735,2,2,2,2,2,2,0
736,2,1,1,2,1,2,2
737,2,2,2,1,2,2,0
738,2,2,2,2,2,2,2
739,2,0,2,2,2,2,1
740,2,2,2,2,2,2,2
741,2,0,2,0,0,2,0
742,2,2,1,2,2,2,2
743,2,2,2,2,2,1,0
744,2,2,2,2,2,2,2
745,2,2,2,2,2,2,0
746,2,2,2,2,2,2,2
747,2,2,2,2,2,2,2
748,2,2,2,2,2,2,2
749,2,2,2,2,2,2,2
750,2,2,2,2,2,2,2
751,2,2,2,2,2,2,2
752,2,2,2,2,2,2,2
753,2,2,2,2,2,2,2
754,2,2,2,2,2,2,2
755,2,2,2,2,2,2,2
756,2,2,2,2,2,2,2
757,2,2,2,2,2,2,1
758,2,2,2,2,2,2,2
759,2,2,2,2,2,2,2
760,2,2,2,2,2,2,2
761,2,2,2,2,2,2,2
762,2,2,2,2,2,2,2
763,2,2,2,2,2,2,2
764,2,2,2,2,2,2,2
765,2,2,2,2,2,2,2
766,2,2,2,2,2,2,1
767,2,2,2,2,2,2,2
768,2,1,2,2,2,2,2
769,2,2,2,2,2,2,2
770,2,2,2,1,2,2,2
771,2,2,2,2,2,2,2
772,2,2,2,1,2,2,1
773,2,2,2,2,2,2,0
774,2,2,2,2,2,2,2
775,2,2,2,2,2,2,2
776,2,2,2,2,2,2,0
777,2,2,2,2,2,2,0
778,2,2,2,2,2,2,2
779,2,2,2,2,2,2,2
780,2,2,2,2,2,2,2
781,2,2,2,1,2,2,0
782,2,2,2,2,2,2,2
783,2,1,2,2,2,2,2
784,2,2,2,2,2,2,2
785,2,2,2,1,2,2,0
786,2,2,2,2,2,2,2
787,2,2,2,2,2,2,2
788,2,2,2,2,2,2,2
789,2,2,2,2,2,2,2
790,2,2,2,2,2,2,2
791,2,2,2,2,2,2,2
792,2,2,2,2,2,2,0
793,2,2,2,2,2,2,2
794,2,2,2,2,2,2,2
795,2,2,1,1,1,2,2
796,2,2,2,2,2,2,2
797,2,2,2,2,2,2,2
798,2,2,2,2,2,2,2
799,2,2,2,2,2,2,1
800,2,2,2,2,2,2,2
801,2,2,2,2,2,2,1
802,2,2,2,2,2,2,1
803,2,2,2,2,2,2,2
804,2,2,2,2,2,2,1
805,2,2,2,2,2,2,2
806,2,2,2,2,2,2,2
807,2,2,2,2,2,2,2
808,2,2,2,2,2,2,2
809,2,2,2,2,2,2,0
810,2,2,2,2,2,2,1
811,2,2,1,2,2,2,2
812,2,2,2,2,2,2,2
813,2,2,2,2,2,2,1
814,2,2,2,2,2,1,2
815,2,2,2,2,2,2,2
816,2,2,2,2,2,2,2
817,2,0,2,2,2,2,0
818,2,0,2,2,2,1,2
819,2,2,2,2,2,2,1
820,2,2,2,2,2,2,2
821,2,2,2,2,2,2,2
822,2,2,2,2,2,2,0
823,2,2,2,2,2,2,2
824,2,2,2,2,2,2,2
825,2,1,2,2,2,2,2
826,2,2,2,2,2,2,2
827,2,2,2,2,2,2,2
828,2,2,2,1,2,2,2
829,2,2,2,2,2,2,1
830,2,2,2,1,2,2,0
831,2,2,2,2,2,2,2
832,2,0,2,2,2,2,1
833,2,2,2,2,2,1,0
834,2,2,2,2,2,2,2
835,2,2,2,2,2,2,2
836,2,2,2,2,2,2,1
837,2,2,2,2,2,2,2
838,2,2,2,2,2,2,2
839,2,2,2,2,2,2,0
840,2,2,2,2,2,2,2
841,2,2,2,2,2,2,2
842,2,2,2,2,2,1,0
843,2,2,2,2,2,2,2
844,2,2,2,2,2,2,2
845,2,2,2,1,2,2,2
846,2,2,2,2,2,2,2
847,2,2,2,2,2,2,0
848,2,2,2,2,2,2,1
849,2,2,2,2,2,2,2
850,2,2,2,2,2,2,2
851,2,2,0,2,2,2,2
852,2,2,2,2,2,2,2
853,2,0,2,2,2,2,2
854,2,2,2,2,2,2,2
855,2,2,2,2,2,2,2
856,2,2,2,2,2,2,2
857,2,2,2,2,2,2,2
858,2,2,2,2,2,2,2
859,2,2,2,2,2,2,2
860,2,2,2,2,2,2,1
861,2,2,2,2,2,2,1
862,2,2,2,1,2,2,0
863,2,2,2,2,2,2,2
864,2,2,1,2,2,2,2
865,2,2,2,1,2,2,2
866,2,2,2,1,2,2,1
867,2,2,2,2,2,2,2
868,2,1,2,2,2,2,2
869,2,2,2,2,2,2,2
870,2,2,2,2,2,2,2
871,2,2,2,2,2,2,0
872,2,2,2,2,2,2,2
873,2,2,2,2,2,2,2
874,2,2,2,1,2,2,2
875,2,2,0,2,2,2,2
876,2,2,2,1,2,2,2
877,2,2,2,2,2,2,2
878,2,2,2,2,2,2,2
879,2,2,2,2,2,2,0
880,2,2,2,2,2,2,2
881,2,2,2,2,2,2,2
882,2,2,2,2,2,2,2
883,2,2,2,2,2,2,2
884,2,2,2,2,2,2,2
885,2,2,2,2,2,2,1
886,2,2,2,2,2,2,0
887,2,2,2,2,2,1,2
888,2,2,2,2,2,2,2
889,2,2,2,0,2,2,0
890,2,2,2,2,2,2,2
891,2,2,2,2,2,2,2
892,2,2,2,2,2,2,2
893,2,2,2,2,2,2,2
894,2,2,2,1,2,2,2
895,2,2,1,2,2,2,1
896,2,2,2,2,2,2,2
897,2,2,2,2,2,2,2
898,2,2,2,2,2,2,2
899,2,2,2,2,2,2,2
900,2,2,1,2,2,2,0
901,2,2,2,2,2,2,0
902,2,2,2,2,2,2,2
903,2,2,2,1,2,2,2
904,2,2,2,2,2,2,2
905,2,2,2,2,2,2,2
906,2,2,2,2,2,2,2
907,2,2,2,2,2,2,1
908,2,2,1,2,2,2,2
909,2,2,2,2,2,2,2
910,2,2,2,2,2,2,2
911,2,2,2,2,2,2,2
912,2,2,2,2,2,2,2
913,2,2,2,2,2,2,2
914,2,2,2,2,2,2,2
915,2,2,2,2,2,2,2
916,2,2,2,2,2,2,2
917,2,2,2,2,2,2,2
918,2,2,1,2,2,2,2
919,2,2,2,2,2,2,2
920,2,2,2,2,2,2,2
921,2,2,2,2,2,2,2
922,2,2,2,2,2,2,2
923,2,2,2,2,2,2,2
924,2,2,2,2,2,2,2
925,2,2,2,2,2,2,2
926,2,2,2,2,2,2,2
927,2,2,2,2,2,2,0
928,2,2,2,0,2,2,2
929,2,2,2,2,2,2,2
930,2,2,2,2,2,2,2
931,2,2,2,1,2,2,2
932,2,2,2,2,2,2,2
933,2,2,2,2,2,2,2
934,2,2,2,2,2,2,2
935,2,2,2,2,2,2,2
936,2,2,2,2,2,2,2
937,2,2,2,2,2,2,0
938,2,1,2,2,2,2,1
939,2,2,2,2,2,2,2
940,2,2,2,2,2,2,2
941,2,2,2,2,2,1,0
942,2,2,2,2,2,2,0
943,2,2,2,2,2,2,2
944,2,2,2,2,2,2,2
945,2,2,0,2,2,2,1
946,2,2,2,2,2,2,2
947,2,2,2,2,2,2,2
948,2,2,1,1,1,2,2
949,2,2,2,2,2,2,2
950,2,2,2,2,2,2,0
951,2,2,2,2,2,2,2
952,2,2,2,2,2,2,2
953,2,2,2,2,2,2,2
954,2,2,2,2,2,2,0
955,2,2,2,2,2,2,2
956,2,2,2,2,2,2,2
957,2,2,2,2,2,2,2
958,2,2,1,1,1,2,2
959,2,2,2,2,2,2,2
960,2,2,2,2,2,2,0
961,2,2,2,2,2,2,2
962,2,2,2,2,2,2,2
963,2,1,2,2,2,2,2
964,2,2,2,2,2,2,1
965,2,2,2,2,2,2,2
966,2,1,2,2,2,2,2
967,2,2,2,2,2,2,2
968,2,2,1,2,2,2,2
969,2,2,2,2,2,2,2
970,2,2,2,2,2,2,1
971,2,2,2,2,2,2,2
972,2,2,2,2,2,2,2
973,2,2,2,2,2,2,2
974,2,2,2,2,2,2,2
975,2,2,2,2,2,1,2
976,2,2,2,2,2,2,2
977,2,2,2,1,2,2,1
978,2,2,2,2,2,2,2
979,2,2,2,2,2,2,1
980,2,2,2,2,2,2,2
981,2,2,2,0,2,2,0
982,2,2,2,2,2,2,2
983,2,2,2,2,2,2,2
984,2,2,2,2,2,2,2
985,2,2,2,2,2,2,2
986,2,2,2,2,2,2,2
987,2,2,2,2,2,2,2
988,2,2,2,2,2,2,2
989,2,2,2,2,2,2,2
990,2,2,2,2,2,2,2
991,2,2,2,2,2,2,2
992,2,2,2,2,2,2,2
993,2,2,2,2,2,2,2
994,2,2,2,2,2,2,2
995,2,2,2,2,2,2,2
996,2,2,2,2,2,2,2
997,2,2,2,2,2,2,2
998,2,2,2,2,2,2,2
999,2,2,2,2,2,2,2
1000,2,2,2,2,2,2,2
1001,2,2,1,2,2,2,1
1002,2,2,2,2,2,2,2
1003,2,2,2,2,2,2,0
1004,2,2,2,2,2,2,2
1005,2,2,2,2,2,2,2
1006,2,2,2,2,2,2,2
1007,2,2,2,2,2,2,2
1008,2,2,2,2,2,2,2
1009,2,2,2,2,2,2,2
1010,2,2,2,2,2,2,2
1011,2,2,2,2,2,2,2
1012,2,2,2,2,2,2,0
1013,2,0,2,2,2,2,2
1014,2,2,2,2,2,2,2
1015,2,2,2,2,2,2,1
1016,2,2,2,2,2,2,0
1017,2,2,2,2,2,2,2
1018,2,2,2,2,2,2,2
1019,2,2,2,2,2,2,2
1020,2,2,2,2,2,2,2
1021,2,2,2,2,2,2,0
1022,2,2,2,2,2,2,2
1023,2,2,2,2,2,2,2
1024,2,2,2,2,2,2,2
1025,2,2,2,2,2,2,2
1026,2,2,2,2,2,2,2
1027,2,2,2,2,2,2,2
1028,2,2,2,2,2,2,2
1029,2,2,2,2,2,2,2
1030,2,2,1,2,2,2,2
1031,2,2,2,2,2,2,2
1032,2,2,2,2,2,2,2
1033,2,2,2,2,2,2,2
1034,2,2,2,2,2,2,2
1035,2,2,2,1,2,2,2
1036,2,2,2,2,2,2,2
1037,2,2,1,2,2,2,2
1038,2,2,2,2,2,2,2
1039,2,2,2,2,2,2,2
1040,2,2,2,2,2,2,2
1041,2,2,2,2,2,2,2
1042,2,2,2,1,2,2,2
1043,2,2,2,2,2,2,2
1044,2,2,2,1,2,2,2
1045,2,2,2,2,2,2,2
1046,2,2,2,2,2,2,2
1047,2,2,2,2,2,2,2
1048,2,2,2,1,2,2,1
1049,2,2,1,2,2,2,2
1050,2,2,2,2,2,2,2
1051,2,2,2,2,2,2,2
1052,2,2,2,2,2,2,2
1053,2,2,2,2,2,2,2
1054,2,2,2,2,2,2,2
1055,2,2,2,1,2,2,1
1056,2,2,2,2,2,2,2
1057,2,2,2,2,2,2,2
1058,2,2,2,2,2,2,2
1059,2,2,2,1,2,2,2
1060,2,2,1,1,1,2,2
1061,2,2,2,2,2,2,2
1062,2,2,2,2,2,2,2
1063,2,2,2,2,2,2,2
1064,2,2,2,2,2,2,2
1065,2,2,2,2,2,2,2
1066,2,2,2,2,2,2,1
1067,2,2,2,2,2,2,2
1068,2,2,2,2,2,2,2
1069,2,2,2,2,2,2,2
1070,2,2,2,2,2,2,2
1071,2,2,1,2,2,2,2
1072,2,2,2,2,2,2,2
1073,2,2,2,1,2,2,2
1074,2,2,2,2,2,2,2
1075,2,2,2,2,2,2,2
1076,2,2,2,1,2,2,2
1077,2,2,2,2,2,2,2
1078,2,2,2,2,2,2,2
1079,2,2,2,2,2,2,2
1080,2,2,2,2,2,2,2
1081,2,2,1,2,2,2,2
1082,2,2,2,2,2,2,2
1083,2,2,2,1,2,2,1
1084,2,2,1,1,1,2,2
1085,2,2,2,2,2,2,2
1086,2,2,2,2,2,2,2
1087,2,2,2,2,2,2,2
1088,2,2,2,1,2,2,2
1089,2,2,2,2,2,2,1
1090,2,2,2,2,2,2,2
1091,2,2,2,2,2,2,2
1092,2,2,2,2,2,2,2
1093,2,2,2,2,2,2,2
1094,2,2,2,2,2,2,1
1095,2,2,2,2,2,2,2
1096,2,2,2,1,2,2,2
1097,2,2,2,1,2,2,2
1098,2,2,2,2,2,2,2
1099,2,2,2,2,2,2,2
1100,2,2,2,2,2,2,2
1101,2,2,1,2,2,2,2
1102,2,2,2,2,2,2,2
1103,2,2,2,2,2,2,2
1104,2,2,2,2,2,2,2
1105,2,0,2,2,2,2,2
1106,2,2,2,2,2,2,2
1107,2,2,2,2,2,2,2
1108,2,2,2,2,2,2,2
1109,2,2,2,2,2,2,2
1110,2,2,2,2,2,2,2
1111,2,2,2,2,2,2,2
1112,2,2,2,2,2,2,2
1113,2,2,1,2,2,2,2
1114,2,2,2,2,2,2,2
1115,2,2,2,2,2,2,2
1116,2,2,2,2,2,2,2
1117,2,2,2,1,2,1,2
1118,2,2,2,2,2,2,2
1119,2,2,0,2,2,2,2
1120,2,2,1,2,2,2,2
1121,2,2,1,2,2,2,1
1122,2,2,2,2,2,2,1
1123,2,2,2,2,2,2,2
1124,2,2,2,1,2,2,1
1125,2,2,2,2,2,2,2
1126,2,2,2,2,2,2,2
1127,2,2,2,2,2,2,2
1128,2,2,2,2,2,2,1
1129,2,2,2,2,2,2,2
1130,2,2,2,2,2,2,2
1131,2,2,2,2,2,2,2
1132,2,2,2,2,2,2,2
1133,2,2,2,1,2,2,2
1134,2,2,2,2,2,2,2
1135,2,2,0,2,2,2,2
1136,2,2,2,2,2,2,1
1137,2,2,2,2,2,2,1
1138,2,2,2,2,2,2,2
1139,2,2,2,1,2,2,2
1140,2,2,2,2,2,2,2
1141,2,2,2,2,2,2,2
1142,2,2,2,2,2,2,2
1143,2,2,2,2,2,2,2
1144,2,2,2,2,2,2,2
1145,2,2,2,2,2,2,2
1146,2,2,2,2,2,2,2
1147,2,2,2,2,2,1,2
1148,2,2,1,2,2,2,2
1149,2,2,2,1,2,2,0
1150,2,2,2,1,2,2,2
1151,2,2,2,2,2,2,2
1152,2,2,2,2,2,2,0
1153,2,2,2,2,2,2,2
1154,2,2,2,2,2,2,2
1155,2,2,2,2,2,2,2
1156,2,2,2,2,2,2,1
1157,2,2,2,2,2,2,2
1158,2,2,1,2,2,2,1
1159,2,2,2,2,2,2,2
1160,2,2,2,2,2,2,2
1161,2,2,2,2,2,2,2
1162,2,2,2,2,2,2,2
1163,2,2,2,1,2,2,2
1164,2,2,2,2,2,2,2
1165,2,2,2,2,2,2,2
1166,2,2,2,2,2,2,2
1167,2,2,2,1,2,2,1
1168,2,2,2,2,2,2,2
1169,2,2,2,2,2,2,2
1170,2,2,2,2,2,2,2
1171,2,2,2,2,2,0,0
1172,2,2,2,2,2,2,2
1173,2,2,2,2,2,2,2
1174,2,2,2,2,2,2,2
1175,2,2,2,2,2,2,2
1176,2,2,2,2,2,2,2
1177,2,2,2,2,2,2,2
1178,2,2,2,1,2,2,1
1179,2,2,2,2,2,2,2
1180,2,2,2,2,2,2,2
1181,2,2,2,2,2,2,2
1182,2,2,2,2,2,2,2
1183,2,2,1,2,2,2,2
1184,2,2,2,2,2,2,2
1185,2,2,2,2,2,2,2
1186,2,2,2,2,2,2,2
1187,2,2,0,2,2,2,2
1188,2,2,2,2,2,2,2
1189,2,2,2,2,2,2,2
1190,2,2,2,2,2,2,2
1191,2,2,2,2,2,2,2
1192,2,2,2,2,2,2,2
1193,2,2,2,2,2,2,2
1194,2,0,2,2,2,2,2
1195,2,2,2,2,2,2,2
1196,2,2,2,2,2,2,2
1197,2,1,2,2,2,2,2
1198,2,2,2,2,2,2,2
1199,2,2,2,2,2,2,2
1200,2,2,2,2,2,2,1
1201,2,2,2,2,2,2,2
1202,2,2,1,2,2,2,0
1203,2,2,2,2,2,2,2
1204,2,2,2,2,2,2,2
1205,2,2,2,2,2,2,1
1206,2,2,2,2,2,2,2
1207,2,2,2,2,2,2,0
1208,2,2,2,2,2,2,1
1209,2,2,2,2,2,2,1
1210,2,2,2,2,2,2,2
1211,2,2,2,2,2,2,0
1212,2,2,2,2,2,2,2
1213,2,2,2,2,2,2,2
1214,2,2,2,2,2,2,1
1215,2,2,2,2,2,1,2
1216,2,2,2,2,2,2,2
1217,2,2,2,2,2,2,2
1218,2,2,2,0,2,2,2
1219,2,2,2,2,2,2,2
1220,2,1,2,2,2,2,2
1221,2,2,2,2,2,2,2
1222,2,2,2,2,2,2,1
1223,2,1,2,2,2,1,0
1224,2,2,2,2,2,1,2
1225,2,1,2,2,2,2,2
1226,2,2,2,2,2,2,1
1227,2,2,2,2,2,2,2
1228,2,2,2,2,2,2,2
1229,2,2,2,2,2,2,2
1230,2,2,2,2,2,2,2
1231,2,2,2,2,2,2,1
1232,2,2,2,2,2,2,0
1233,2,2,2,2,2,2,2
1234,2,2,2,2,2,2,2
1235,2,2,2,2,2,2,2
1236,2,1,1,2,1,2,2
1237,2,2,2,2,2,2,2
1238,2,2,2,2,2,2,0
1239,2,2,2,2,2,2,1
1240,2,2,2,2,2,2,2
1241,2,2,2,2,2,2,2
1242,2,2,2,2,2,2,2
1243,2,2,2,2,2,2,2
1244,2,2,2,2,2,2,2
1245,2,2,2,2,2,2,2
1246,2,1,2,1,1,2,2
1247,2,2,2,2,2,2,1
1248,2,2,2,1,2,2,0
1249,2,2,1,1,1,1,0
1250,2,2,2,2,2,2,1
1251,2,2,2,2,2,2,1
1252,2,2,2,2,2,2,2
1253,2,2,2,2,2,2,2
1254,2,0,2,2,2,2,2
1255,2,2,2,2,2,2,2
1256,2,2,2,2,2,2,2
1257,2,0,2,2,2,2,2
1258,2,2,2,2,2,2,2
1259,2,2,2,1,2,2,0
1260,2,2,2,2,2,1,2
1261,2,2,2,2,2,2,2
1262,2,0,1,2,0,2,1
1263,2,2,2,2,2,2,0
1264,2,2,2,2,2,2,2
1265,2,2,2,2,2,2,2
1266,2,2,2,2,2,2,2
1267,2,2,2,2,2,2,2
